--------------------------------------------------------
--  Arquivo criado - segunda-feira-outubro-27-2025   
--------------------------------------------------------
--------------------------------------------------------
--  DDL for Table flyway_schema_history
--------------------------------------------------------

  CREATE TABLE "MVCHALLENGE"."flyway_schema_history" 
   (	"installed_rank" NUMBER(*,0), 
	"version" VARCHAR2(50 BYTE), 
	"description" VARCHAR2(200 BYTE), 
	"type" VARCHAR2(20 BYTE), 
	"script" VARCHAR2(1000 BYTE), 
	"checksum" NUMBER(*,0), 
	"installed_by" VARCHAR2(100 BYTE), 
	"installed_on" TIMESTAMP (6) DEFAULT CURRENT_TIMESTAMP, 
	"execution_time" NUMBER(*,0), 
	"success" NUMBER(1,0)
   ) SEGMENT CREATION IMMEDIATE 
  PCTFREE 10 PCTUSED 40 INITRANS 1 MAXTRANS 255 
 NOCOMPRESS LOGGING
  STORAGE(INITIAL 65536 NEXT 1048576 MINEXTENTS 1 MAXEXTENTS 2147483645
  PCTINCREASE 0 FREELISTS 1 FREELIST GROUPS 1
  BUFFER_POOL DEFAULT FLASH_CACHE DEFAULT CELL_FLASH_CACHE DEFAULT)
  TABLESPACE "USERS" ;
--------------------------------------------------------
--  DDL for Table TB_AUDITORIA
--------------------------------------------------------

  CREATE TABLE "MVCHALLENGE"."TB_AUDITORIA" 
   (	"ID_AUDIT" NUMBER GENERATED BY DEFAULT AS IDENTITY MINVALUE 1 MAXVALUE 9999999999999999999999999999 INCREMENT BY 1 START WITH 1 CACHE 20 NOORDER  NOCYCLE  NOKEEP  NOSCALE , 
	"USUARIO" VARCHAR2(128 BYTE), 
	"OPERACAO" VARCHAR2(10 BYTE), 
	"DATAHORA" TIMESTAMP (6) DEFAULT SYSTIMESTAMP, 
	"TABELA" VARCHAR2(64 BYTE), 
	"OLD_VALUES" CLOB, 
	"NEW_VALUES" CLOB
   ) SEGMENT CREATION IMMEDIATE 
  PCTFREE 10 PCTUSED 40 INITRANS 1 MAXTRANS 255 
 NOCOMPRESS LOGGING
  STORAGE(INITIAL 65536 NEXT 1048576 MINEXTENTS 1 MAXEXTENTS 2147483645
  PCTINCREASE 0 FREELISTS 1 FREELIST GROUPS 1
  BUFFER_POOL DEFAULT FLASH_CACHE DEFAULT CELL_FLASH_CACHE DEFAULT)
  TABLESPACE "USERS" 
 LOB ("OLD_VALUES") STORE AS SECUREFILE (
  TABLESPACE "USERS" ENABLE STORAGE IN ROW 4000 CHUNK 8192
  NOCACHE LOGGING  NOCOMPRESS  KEEP_DUPLICATES 
  STORAGE(INITIAL 262144 NEXT 1048576 MINEXTENTS 1 MAXEXTENTS 2147483645
  PCTINCREASE 0
  BUFFER_POOL DEFAULT FLASH_CACHE DEFAULT CELL_FLASH_CACHE DEFAULT)) 
 LOB ("NEW_VALUES") STORE AS SECUREFILE (
  TABLESPACE "USERS" ENABLE STORAGE IN ROW 4000 CHUNK 8192
  NOCACHE LOGGING  NOCOMPRESS  KEEP_DUPLICATES 
  STORAGE(INITIAL 262144 NEXT 1048576 MINEXTENTS 1 MAXEXTENTS 2147483645
  PCTINCREASE 0
  BUFFER_POOL DEFAULT FLASH_CACHE DEFAULT CELL_FLASH_CACHE DEFAULT)) ;
--------------------------------------------------------
--  DDL for Table TB_BOX
--------------------------------------------------------

  CREATE TABLE "MVCHALLENGE"."TB_BOX" 
   (	"ID_BOX" NUMBER GENERATED BY DEFAULT AS IDENTITY MINVALUE 1 MAXVALUE 9999999999999999999999999999 INCREMENT BY 1 START WITH 1 CACHE 20 NOORDER  NOCYCLE  NOKEEP  NOSCALE , 
	"NOME" VARCHAR2(50 BYTE), 
	"STATUS" VARCHAR2(1 CHAR), 
	"DATA_ENTRADA" DATE, 
	"DATA_SAIDA" DATE, 
	"OBSERVACAO" VARCHAR2(100 BYTE)
   ) SEGMENT CREATION IMMEDIATE 
  PCTFREE 10 PCTUSED 40 INITRANS 1 MAXTRANS 255 
 NOCOMPRESS LOGGING
  STORAGE(INITIAL 65536 NEXT 1048576 MINEXTENTS 1 MAXEXTENTS 2147483645
  PCTINCREASE 0 FREELISTS 1 FREELIST GROUPS 1
  BUFFER_POOL DEFAULT FLASH_CACHE DEFAULT CELL_FLASH_CACHE DEFAULT)
  TABLESPACE "USERS" ;
--------------------------------------------------------
--  DDL for Table TB_CLIENTE
--------------------------------------------------------

  CREATE TABLE "MVCHALLENGE"."TB_CLIENTE" 
   (	"ID_CLIENTE" NUMBER GENERATED BY DEFAULT AS IDENTITY MINVALUE 1 MAXVALUE 9999999999999999999999999999 INCREMENT BY 1 START WITH 1 CACHE 20 NOORDER  NOCYCLE  NOKEEP  NOSCALE , 
	"DATA_CADASTRO" DATE DEFAULT SYSDATE, 
	"SEXO" VARCHAR2(2 CHAR), 
	"NOME" VARCHAR2(100 BYTE), 
	"SOBRENOME" VARCHAR2(100 BYTE), 
	"DATA_NASCIMENTO" DATE, 
	"CPF" VARCHAR2(11 CHAR), 
	"PROFISSAO" VARCHAR2(50 BYTE), 
	"ESTADO_CIVIL" VARCHAR2(50 BYTE), 
	"TB_ENDERECO_ID_ENDERECO" NUMBER, 
	"TB_CONTATO_ID_CONTATO" NUMBER
   ) SEGMENT CREATION IMMEDIATE 
  PCTFREE 10 PCTUSED 40 INITRANS 1 MAXTRANS 255 
 NOCOMPRESS LOGGING
  STORAGE(INITIAL 65536 NEXT 1048576 MINEXTENTS 1 MAXEXTENTS 2147483645
  PCTINCREASE 0 FREELISTS 1 FREELIST GROUPS 1
  BUFFER_POOL DEFAULT FLASH_CACHE DEFAULT CELL_FLASH_CACHE DEFAULT)
  TABLESPACE "USERS" ;
--------------------------------------------------------
--  DDL for Table TB_CLIENTEVEICULO
--------------------------------------------------------

  CREATE TABLE "MVCHALLENGE"."TB_CLIENTEVEICULO" 
   (	"TB_CLIENTE_ID_CLIENTE" NUMBER, 
	"TB_VEICULO_ID_VEICULO" NUMBER
   ) SEGMENT CREATION DEFERRED 
  PCTFREE 10 PCTUSED 40 INITRANS 1 MAXTRANS 255 
 NOCOMPRESS LOGGING
  TABLESPACE "USERS" ;
--------------------------------------------------------
--  DDL for Table TB_CONTATO
--------------------------------------------------------

  CREATE TABLE "MVCHALLENGE"."TB_CONTATO" 
   (	"ID_CONTATO" NUMBER GENERATED BY DEFAULT AS IDENTITY MINVALUE 1 MAXVALUE 9999999999999999999999999999 INCREMENT BY 1 START WITH 1 CACHE 20 NOORDER  NOCYCLE  NOKEEP  NOSCALE , 
	"EMAIL" VARCHAR2(100 BYTE), 
	"DDD" NUMBER(4,0), 
	"DDI" NUMBER(4,0), 
	"TELEFONE1" VARCHAR2(20 BYTE), 
	"TELEFONE2" VARCHAR2(20 BYTE), 
	"TELEFONE3" VARCHAR2(20 BYTE), 
	"CELULAR" VARCHAR2(20 BYTE), 
	"OUTRO" VARCHAR2(100 BYTE), 
	"OBSERVACAO" VARCHAR2(200 BYTE)
   ) SEGMENT CREATION IMMEDIATE 
  PCTFREE 10 PCTUSED 40 INITRANS 1 MAXTRANS 255 
 NOCOMPRESS LOGGING
  STORAGE(INITIAL 65536 NEXT 1048576 MINEXTENTS 1 MAXEXTENTS 2147483645
  PCTINCREASE 0 FREELISTS 1 FREELIST GROUPS 1
  BUFFER_POOL DEFAULT FLASH_CACHE DEFAULT CELL_FLASH_CACHE DEFAULT)
  TABLESPACE "USERS" ;
--------------------------------------------------------
--  DDL for Table TB_CONTATOPATIO
--------------------------------------------------------

  CREATE TABLE "MVCHALLENGE"."TB_CONTATOPATIO" 
   (	"TB_PATIO_ID_PATIO" NUMBER, 
	"TB_CONTATO_ID_CONTATO" NUMBER
   ) SEGMENT CREATION DEFERRED 
  PCTFREE 10 PCTUSED 40 INITRANS 1 MAXTRANS 255 
 NOCOMPRESS LOGGING
  TABLESPACE "USERS" ;
--------------------------------------------------------
--  DDL for Table TB_ENDERECIOPATIO
--------------------------------------------------------

  CREATE TABLE "MVCHALLENGE"."TB_ENDERECIOPATIO" 
   (	"TB_ENDERECO_ID_ENDERECO" NUMBER, 
	"TB_PATIO_ID_PATIO" NUMBER
   ) SEGMENT CREATION IMMEDIATE 
  PCTFREE 10 PCTUSED 40 INITRANS 1 MAXTRANS 255 
 NOCOMPRESS LOGGING
  STORAGE(INITIAL 65536 NEXT 1048576 MINEXTENTS 1 MAXEXTENTS 2147483645
  PCTINCREASE 0 FREELISTS 1 FREELIST GROUPS 1
  BUFFER_POOL DEFAULT FLASH_CACHE DEFAULT CELL_FLASH_CACHE DEFAULT)
  TABLESPACE "USERS" ;
--------------------------------------------------------
--  DDL for Table TB_ENDERECO
--------------------------------------------------------

  CREATE TABLE "MVCHALLENGE"."TB_ENDERECO" 
   (	"ID_ENDERECO" NUMBER GENERATED BY DEFAULT AS IDENTITY MINVALUE 1 MAXVALUE 9999999999999999999999999999 INCREMENT BY 1 START WITH 1 CACHE 20 NOORDER  NOCYCLE  NOKEEP  NOSCALE , 
	"CEP" VARCHAR2(9 CHAR), 
	"NUMERO" NUMBER(7,0), 
	"LOGRADOURO" VARCHAR2(50 BYTE), 
	"BAIRRO" VARCHAR2(50 BYTE), 
	"CIDADE" VARCHAR2(50 BYTE), 
	"ESTADO" VARCHAR2(2 CHAR), 
	"PAIS" VARCHAR2(50 BYTE), 
	"COMPLEMENTO" VARCHAR2(60 BYTE), 
	"OBSERVACAO" VARCHAR2(200 BYTE)
   ) SEGMENT CREATION IMMEDIATE 
  PCTFREE 10 PCTUSED 40 INITRANS 1 MAXTRANS 255 
 NOCOMPRESS LOGGING
  STORAGE(INITIAL 65536 NEXT 1048576 MINEXTENTS 1 MAXEXTENTS 2147483645
  PCTINCREASE 0 FREELISTS 1 FREELIST GROUPS 1
  BUFFER_POOL DEFAULT FLASH_CACHE DEFAULT CELL_FLASH_CACHE DEFAULT)
  TABLESPACE "USERS" ;
--------------------------------------------------------
--  DDL for Table TB_PATIO
--------------------------------------------------------

  CREATE TABLE "MVCHALLENGE"."TB_PATIO" 
   (	"ID_PATIO" NUMBER GENERATED BY DEFAULT AS IDENTITY MINVALUE 1 MAXVALUE 9999999999999999999999999999 INCREMENT BY 1 START WITH 1 CACHE 20 NOORDER  NOCYCLE  NOKEEP  NOSCALE , 
	"NOME_PATIO" VARCHAR2(50 BYTE), 
	"DATA_ENTRADA" DATE, 
	"DATA_SAIDA" DATE, 
	"OBSERVACAO" VARCHAR2(100 BYTE)
   ) SEGMENT CREATION IMMEDIATE 
  PCTFREE 10 PCTUSED 40 INITRANS 1 MAXTRANS 255 
 NOCOMPRESS LOGGING
  STORAGE(INITIAL 65536 NEXT 1048576 MINEXTENTS 1 MAXEXTENTS 2147483645
  PCTINCREASE 0 FREELISTS 1 FREELIST GROUPS 1
  BUFFER_POOL DEFAULT FLASH_CACHE DEFAULT CELL_FLASH_CACHE DEFAULT)
  TABLESPACE "USERS" ;
--------------------------------------------------------
--  DDL for Table TB_PATIOBOX
--------------------------------------------------------

  CREATE TABLE "MVCHALLENGE"."TB_PATIOBOX" 
   (	"TB_PATIO_ID_PATIO" NUMBER, 
	"TB_BOX_ID_BOX" NUMBER
   ) SEGMENT CREATION IMMEDIATE 
  PCTFREE 10 PCTUSED 40 INITRANS 1 MAXTRANS 255 
 NOCOMPRESS LOGGING
  STORAGE(INITIAL 65536 NEXT 1048576 MINEXTENTS 1 MAXEXTENTS 2147483645
  PCTINCREASE 0 FREELISTS 1 FREELIST GROUPS 1
  BUFFER_POOL DEFAULT FLASH_CACHE DEFAULT CELL_FLASH_CACHE DEFAULT)
  TABLESPACE "USERS" ;
--------------------------------------------------------
--  DDL for Table TB_PERFIL
--------------------------------------------------------

  CREATE TABLE "MVCHALLENGE"."TB_PERFIL" 
   (	"ID_PERFIL" NUMBER GENERATED BY DEFAULT ON NULL AS IDENTITY MINVALUE 1 MAXVALUE 9999999999999999999999999999 INCREMENT BY 1 START WITH 1 CACHE 20 NOORDER  NOCYCLE  NOKEEP  NOSCALE , 
	"NOME" VARCHAR2(255 CHAR)
   ) SEGMENT CREATION IMMEDIATE 
  PCTFREE 10 PCTUSED 40 INITRANS 1 MAXTRANS 255 
 NOCOMPRESS LOGGING
  STORAGE(INITIAL 65536 NEXT 1048576 MINEXTENTS 1 MAXEXTENTS 2147483645
  PCTINCREASE 0 FREELISTS 1 FREELIST GROUPS 1
  BUFFER_POOL DEFAULT FLASH_CACHE DEFAULT CELL_FLASH_CACHE DEFAULT)
  TABLESPACE "USERS" ;
--------------------------------------------------------
--  DDL for Table TB_RASTREAMENTO
--------------------------------------------------------

  CREATE TABLE "MVCHALLENGE"."TB_RASTREAMENTO" 
   (	"ID_RASTREAMENTO" NUMBER GENERATED BY DEFAULT AS IDENTITY MINVALUE 1 MAXVALUE 9999999999999999999999999999 INCREMENT BY 1 START WITH 1 CACHE 20 NOORDER  NOCYCLE  NOKEEP  NOSCALE , 
	"IPS_X" NUMBER(7,3), 
	"IPS_Y" NUMBER(7,3), 
	"IPS_Z" NUMBER(7,3), 
	"GPRS_LATITUDE" NUMBER(11,6), 
	"GPRS_LONGITUDE" NUMBER(11,6), 
	"GPRS_ALTITUDE" NUMBER(7,2), 
	"DATA_HORA_REGISTRO" TIMESTAMP (6) DEFAULT CURRENT_TIMESTAMP
   ) SEGMENT CREATION DEFERRED 
  PCTFREE 10 PCTUSED 40 INITRANS 1 MAXTRANS 255 
 NOCOMPRESS LOGGING
  TABLESPACE "USERS" ;
--------------------------------------------------------
--  DDL for Table TB_SALDO_FATO
--------------------------------------------------------

  CREATE TABLE "MVCHALLENGE"."TB_SALDO_FATO" 
   (	"AGENCIA" NUMBER(6,0), 
	"CONTA" NUMBER(10,0), 
	"SALDO" NUMBER(12,2)
   ) SEGMENT CREATION IMMEDIATE 
  PCTFREE 10 PCTUSED 40 INITRANS 1 MAXTRANS 255 
 NOCOMPRESS LOGGING
  STORAGE(INITIAL 65536 NEXT 1048576 MINEXTENTS 1 MAXEXTENTS 2147483645
  PCTINCREASE 0 FREELISTS 1 FREELIST GROUPS 1
  BUFFER_POOL DEFAULT FLASH_CACHE DEFAULT CELL_FLASH_CACHE DEFAULT)
  TABLESPACE "USERS" ;
--------------------------------------------------------
--  DDL for Table TB_USUARIO
--------------------------------------------------------

  CREATE TABLE "MVCHALLENGE"."TB_USUARIO" 
   (	"ID_USUARIO" NUMBER GENERATED BY DEFAULT ON NULL AS IDENTITY MINVALUE 1 MAXVALUE 9999999999999999999999999999 INCREMENT BY 1 START WITH 1 CACHE 20 NOORDER  NOCYCLE  NOKEEP  NOSCALE , 
	"NOME" VARCHAR2(255 CHAR), 
	"EMAIL" VARCHAR2(255 CHAR), 
	"SENHA" VARCHAR2(255 CHAR)
   ) SEGMENT CREATION IMMEDIATE 
  PCTFREE 10 PCTUSED 40 INITRANS 1 MAXTRANS 255 
 NOCOMPRESS LOGGING
  STORAGE(INITIAL 65536 NEXT 1048576 MINEXTENTS 1 MAXEXTENTS 2147483645
  PCTINCREASE 0 FREELISTS 1 FREELIST GROUPS 1
  BUFFER_POOL DEFAULT FLASH_CACHE DEFAULT CELL_FLASH_CACHE DEFAULT)
  TABLESPACE "USERS" ;
--------------------------------------------------------
--  DDL for Table TB_USUARIO_PERFIL
--------------------------------------------------------

  CREATE TABLE "MVCHALLENGE"."TB_USUARIO_PERFIL" 
   (	"TB_USUARIO_ID_USUARIO" NUMBER(19,0), 
	"TB_PERFIL_ID_PERFIL" NUMBER(19,0)
   ) SEGMENT CREATION IMMEDIATE 
  PCTFREE 10 PCTUSED 40 INITRANS 1 MAXTRANS 255 
 NOCOMPRESS LOGGING
  STORAGE(INITIAL 65536 NEXT 1048576 MINEXTENTS 1 MAXEXTENTS 2147483645
  PCTINCREASE 0 FREELISTS 1 FREELIST GROUPS 1
  BUFFER_POOL DEFAULT FLASH_CACHE DEFAULT CELL_FLASH_CACHE DEFAULT)
  TABLESPACE "USERS" ;
--------------------------------------------------------
--  DDL for Table TB_VEICULO
--------------------------------------------------------

  CREATE TABLE "MVCHALLENGE"."TB_VEICULO" 
   (	"ID_VEICULO" NUMBER GENERATED BY DEFAULT AS IDENTITY MINVALUE 1 MAXVALUE 9999999999999999999999999999 INCREMENT BY 1 START WITH 1 CACHE 20 NOORDER  NOCYCLE  NOKEEP  NOSCALE , 
	"PLACA" VARCHAR2(10 BYTE), 
	"RENAVAM" VARCHAR2(11 CHAR), 
	"CHASSI" VARCHAR2(17 CHAR), 
	"FABRICANTE" VARCHAR2(50 BYTE), 
	"MODELO" VARCHAR2(60 BYTE), 
	"MOTOR" VARCHAR2(30 BYTE), 
	"ANO" NUMBER, 
	"COMBUSTIVEL" VARCHAR2(20 BYTE)
   ) SEGMENT CREATION IMMEDIATE 
  PCTFREE 10 PCTUSED 40 INITRANS 1 MAXTRANS 255 
 NOCOMPRESS LOGGING
  STORAGE(INITIAL 65536 NEXT 1048576 MINEXTENTS 1 MAXEXTENTS 2147483645
  PCTINCREASE 0 FREELISTS 1 FREELIST GROUPS 1
  BUFFER_POOL DEFAULT FLASH_CACHE DEFAULT CELL_FLASH_CACHE DEFAULT)
  TABLESPACE "USERS" ;
--------------------------------------------------------
--  DDL for Table TB_VEICULOBOX
--------------------------------------------------------

  CREATE TABLE "MVCHALLENGE"."TB_VEICULOBOX" 
   (	"TB_VEICULO_ID_VEICULO" NUMBER, 
	"TB_BOX_ID_BOX" NUMBER
   ) SEGMENT CREATION DEFERRED 
  PCTFREE 10 PCTUSED 40 INITRANS 1 MAXTRANS 255 
 NOCOMPRESS LOGGING
  TABLESPACE "USERS" ;
--------------------------------------------------------
--  DDL for Table TB_VEICULOPATIO
--------------------------------------------------------

  CREATE TABLE "MVCHALLENGE"."TB_VEICULOPATIO" 
   (	"TB_VEICULO_ID_VEICULO" NUMBER, 
	"TB_PATIO_ID_PATIO" NUMBER
   ) SEGMENT CREATION DEFERRED 
  PCTFREE 10 PCTUSED 40 INITRANS 1 MAXTRANS 255 
 NOCOMPRESS LOGGING
  TABLESPACE "USERS" ;
--------------------------------------------------------
--  DDL for Table TB_VEICULORASTREAMENTO
--------------------------------------------------------

  CREATE TABLE "MVCHALLENGE"."TB_VEICULORASTREAMENTO" 
   (	"TB_VEICULO_ID_VEICULO" NUMBER, 
	"TB_RASTREAMENTO_ID_RASTREAMENTO" NUMBER
   ) SEGMENT CREATION DEFERRED 
  PCTFREE 10 PCTUSED 40 INITRANS 1 MAXTRANS 255 
 NOCOMPRESS LOGGING
  TABLESPACE "USERS" ;
--------------------------------------------------------
--  DDL for Table TB_VEICULOZONA
--------------------------------------------------------

  CREATE TABLE "MVCHALLENGE"."TB_VEICULOZONA" 
   (	"TB_VEICULO_ID_VEICULO" NUMBER, 
	"TB_ZONA_ID_ZONA" NUMBER
   ) SEGMENT CREATION DEFERRED 
  PCTFREE 10 PCTUSED 40 INITRANS 1 MAXTRANS 255 
 NOCOMPRESS LOGGING
  TABLESPACE "USERS" ;
--------------------------------------------------------
--  DDL for Table TB_ZONA
--------------------------------------------------------

  CREATE TABLE "MVCHALLENGE"."TB_ZONA" 
   (	"ID_ZONA" NUMBER GENERATED BY DEFAULT AS IDENTITY MINVALUE 1 MAXVALUE 9999999999999999999999999999 INCREMENT BY 1 START WITH 1 CACHE 20 NOORDER  NOCYCLE  NOKEEP  NOSCALE , 
	"NOME" VARCHAR2(50 BYTE), 
	"DATA_ENTRADA" DATE, 
	"DATA_SAIDA" DATE, 
	"OBSERVACAO" VARCHAR2(100 BYTE)
   ) SEGMENT CREATION IMMEDIATE 
  PCTFREE 10 PCTUSED 40 INITRANS 1 MAXTRANS 255 
 NOCOMPRESS LOGGING
  STORAGE(INITIAL 65536 NEXT 1048576 MINEXTENTS 1 MAXEXTENTS 2147483645
  PCTINCREASE 0 FREELISTS 1 FREELIST GROUPS 1
  BUFFER_POOL DEFAULT FLASH_CACHE DEFAULT CELL_FLASH_CACHE DEFAULT)
  TABLESPACE "USERS" ;
--------------------------------------------------------
--  DDL for Table TB_ZONABOX
--------------------------------------------------------

  CREATE TABLE "MVCHALLENGE"."TB_ZONABOX" 
   (	"TB_ZONA_ID_ZONA" NUMBER, 
	"TB_BOX_ID_BOX" NUMBER
   ) SEGMENT CREATION IMMEDIATE 
  PCTFREE 10 PCTUSED 40 INITRANS 1 MAXTRANS 255 
 NOCOMPRESS LOGGING
  STORAGE(INITIAL 65536 NEXT 1048576 MINEXTENTS 1 MAXEXTENTS 2147483645
  PCTINCREASE 0 FREELISTS 1 FREELIST GROUPS 1
  BUFFER_POOL DEFAULT FLASH_CACHE DEFAULT CELL_FLASH_CACHE DEFAULT)
  TABLESPACE "USERS" ;
--------------------------------------------------------
--  DDL for Table TB_ZONAPATIO
--------------------------------------------------------

  CREATE TABLE "MVCHALLENGE"."TB_ZONAPATIO" 
   (	"TB_PATIO_ID_PATIO" NUMBER, 
	"TB_ZONA_ID_ZONA" NUMBER
   ) SEGMENT CREATION DEFERRED 
  PCTFREE 10 PCTUSED 40 INITRANS 1 MAXTRANS 255 
 NOCOMPRESS LOGGING
  TABLESPACE "USERS" ;
REM INSERTING into MVCHALLENGE."flyway_schema_history"
SET DEFINE OFF;
Insert into MVCHALLENGE."flyway_schema_history" ("installed_rank","version","description","type","script","checksum","installed_by","installed_on","execution_time","success") values ('2','2','insert test users','SQL','V2__insert_test_users.sql','-40944034','MVCHALLENGE',to_timestamp('18/09/25 23:01:53,507000000','DD/MM/RR HH24:MI:SSXFF'),'24','1');
Insert into MVCHALLENGE."flyway_schema_history" ("installed_rank","version","description","type","script","checksum","installed_by","installed_on","execution_time","success") values ('1','1','<< Flyway Baseline >>','BASELINE','<< Flyway Baseline >>',null,'MVCHALLENGE',to_timestamp('17/09/25 12:10:24,472000000','DD/MM/RR HH24:MI:SSXFF'),'0','1');
REM INSERTING into MVCHALLENGE.TB_AUDITORIA
SET DEFINE OFF;
Insert into MVCHALLENGE.TB_AUDITORIA (ID_AUDIT,USUARIO,OPERACAO,DATAHORA,TABELA) values ('21','MVCHALLENGE','DELETE',to_timestamp('30/09/25 13:53:56,389000000','DD/MM/RR HH24:MI:SSXFF'),'TB_CLIENTE');
Insert into MVCHALLENGE.TB_AUDITORIA (ID_AUDIT,USUARIO,OPERACAO,DATAHORA,TABELA) values ('1','MVCHALLENGE','INSERT',to_timestamp('23/09/25 12:52:51,737000000','DD/MM/RR HH24:MI:SSXFF'),'TB_CLIENTE');
Insert into MVCHALLENGE.TB_AUDITORIA (ID_AUDIT,USUARIO,OPERACAO,DATAHORA,TABELA) values ('2','MVCHALLENGE','INSERT',to_timestamp('23/09/25 12:52:51,742000000','DD/MM/RR HH24:MI:SSXFF'),'TB_CLIENTE');
Insert into MVCHALLENGE.TB_AUDITORIA (ID_AUDIT,USUARIO,OPERACAO,DATAHORA,TABELA) values ('3','MVCHALLENGE','INSERT',to_timestamp('23/09/25 12:52:51,744000000','DD/MM/RR HH24:MI:SSXFF'),'TB_CLIENTE');
Insert into MVCHALLENGE.TB_AUDITORIA (ID_AUDIT,USUARIO,OPERACAO,DATAHORA,TABELA) values ('4','MVCHALLENGE','INSERT',to_timestamp('23/09/25 12:52:51,746000000','DD/MM/RR HH24:MI:SSXFF'),'TB_CLIENTE');
Insert into MVCHALLENGE.TB_AUDITORIA (ID_AUDIT,USUARIO,OPERACAO,DATAHORA,TABELA) values ('5','MVCHALLENGE','INSERT',to_timestamp('23/09/25 12:52:51,749000000','DD/MM/RR HH24:MI:SSXFF'),'TB_CLIENTE');
REM INSERTING into MVCHALLENGE.TB_BOX
SET DEFINE OFF;
Insert into MVCHALLENGE.TB_BOX (ID_BOX,NOME,STATUS,DATA_ENTRADA,DATA_SAIDA,OBSERVACAO) values ('2','Box','A',to_date('18/09/25','DD/MM/RR'),to_date('20/09/25','DD/MM/RR'),'sfsdfsdf');
Insert into MVCHALLENGE.TB_BOX (ID_BOX,NOME,STATUS,DATA_ENTRADA,DATA_SAIDA,OBSERVACAO) values ('21','Deuel','A',to_date('10/10/25','DD/MM/RR'),to_date('25/10/25','DD/MM/RR'),'sfsdfsd');
REM INSERTING into MVCHALLENGE.TB_CLIENTE
SET DEFINE OFF;
Insert into MVCHALLENGE.TB_CLIENTE (ID_CLIENTE,DATA_CADASTRO,SEXO,NOME,SOBRENOME,DATA_NASCIMENTO,CPF,PROFISSAO,ESTADO_CIVIL,TB_ENDERECO_ID_ENDERECO,TB_CONTATO_ID_CONTATO) values ('2',to_date('18/09/25','DD/MM/RR'),'M','Deuel','Carminati',to_date('31/01/45','DD/MM/RR'),'47607610804','Professor','Vi˙vo','2','2');
Insert into MVCHALLENGE.TB_CLIENTE (ID_CLIENTE,DATA_CADASTRO,SEXO,NOME,SOBRENOME,DATA_NASCIMENTO,CPF,PROFISSAO,ESTADO_CIVIL,TB_ENDERECO_ID_ENDERECO,TB_CONTATO_ID_CONTATO) values ('22',to_date('20/09/25','DD/MM/RR'),'F','Maria','silva',to_date('01/01/50','DD/MM/RR'),'47607610905','da vida','V','42','22');
Insert into MVCHALLENGE.TB_CLIENTE (ID_CLIENTE,DATA_CADASTRO,SEXO,NOME,SOBRENOME,DATA_NASCIMENTO,CPF,PROFISSAO,ESTADO_CIVIL,TB_ENDERECO_ID_ENDERECO,TB_CONTATO_ID_CONTATO) values ('1002',to_date('23/09/25','DD/MM/RR'),'M','Carlos','Oliveira',to_date('20/05/88','DD/MM/RR'),'22222222222','Analista','Casado','1002','1002');
Insert into MVCHALLENGE.TB_CLIENTE (ID_CLIENTE,DATA_CADASTRO,SEXO,NOME,SOBRENOME,DATA_NASCIMENTO,CPF,PROFISSAO,ESTADO_CIVIL,TB_ENDERECO_ID_ENDERECO,TB_CONTATO_ID_CONTATO) values ('1001',to_date('23/09/25','DD/MM/RR'),'M','Jo√£o','Silva',to_date('10/01/90','DD/MM/RR'),'11111111111','Engenheiro','Solteiro','1001','1001');
Insert into MVCHALLENGE.TB_CLIENTE (ID_CLIENTE,DATA_CADASTRO,SEXO,NOME,SOBRENOME,DATA_NASCIMENTO,CPF,PROFISSAO,ESTADO_CIVIL,TB_ENDERECO_ID_ENDERECO,TB_CONTATO_ID_CONTATO) values ('1003',to_date('23/09/25','DD/MM/RR'),'M','Pedro','Santos',to_date('15/09/92','DD/MM/RR'),'33333333333','M√©dico','Divorciado','1003','1003');
Insert into MVCHALLENGE.TB_CLIENTE (ID_CLIENTE,DATA_CADASTRO,SEXO,NOME,SOBRENOME,DATA_NASCIMENTO,CPF,PROFISSAO,ESTADO_CIVIL,TB_ENDERECO_ID_ENDERECO,TB_CONTATO_ID_CONTATO) values ('1004',to_date('23/09/25','DD/MM/RR'),'M','Marcos','Lima',to_date('05/03/85','DD/MM/RR'),'44444444444','Professor','Separado','1004','1004');
Insert into MVCHALLENGE.TB_CLIENTE (ID_CLIENTE,DATA_CADASTRO,SEXO,NOME,SOBRENOME,DATA_NASCIMENTO,CPF,PROFISSAO,ESTADO_CIVIL,TB_ENDERECO_ID_ENDERECO,TB_CONTATO_ID_CONTATO) values ('1005',to_date('23/09/25','DD/MM/RR'),'M','Rafael','Costa',to_date('01/12/95','DD/MM/RR'),'55555555555','Designer','Uni√£o Est√°vel','1005','1005');
REM INSERTING into MVCHALLENGE.TB_CLIENTEVEICULO
SET DEFINE OFF;
REM INSERTING into MVCHALLENGE.TB_CONTATO
SET DEFINE OFF;
Insert into MVCHALLENGE.TB_CONTATO (ID_CONTATO,EMAIL,DDD,DDI,TELEFONE1,TELEFONE2,TELEFONE3,CELULAR,OUTRO,OBSERVACAO) values ('2','deuelcarminati@hotmail.com','11','55','1197669263',null,null,'11976429081',null,null);
Insert into MVCHALLENGE.TB_CONTATO (ID_CONTATO,EMAIL,DDD,DDI,TELEFONE1,TELEFONE2,TELEFONE3,CELULAR,OUTRO,OBSERVACAO) values ('22','maria@maria.com.br','11','55','11976692633',null,null,'11976429081',null,null);
Insert into MVCHALLENGE.TB_CONTATO (ID_CONTATO,EMAIL,DDD,DDI,TELEFONE1,TELEFONE2,TELEFONE3,CELULAR,OUTRO,OBSERVACAO) values ('42','audit@mail.com','11','55','1111-2222',null,null,'9-8888-8888',null,null);
Insert into MVCHALLENGE.TB_CONTATO (ID_CONTATO,EMAIL,DDD,DDI,TELEFONE1,TELEFONE2,TELEFONE3,CELULAR,OUTRO,OBSERVACAO) values ('1001','cliente1@example.com','11','55','1130001001',null,null,'11990001001',null,'Contato 1');
Insert into MVCHALLENGE.TB_CONTATO (ID_CONTATO,EMAIL,DDD,DDI,TELEFONE1,TELEFONE2,TELEFONE3,CELULAR,OUTRO,OBSERVACAO) values ('1002','cliente2@example.com','21','55','2130001002',null,null,'21990001002',null,'Contato 2');
Insert into MVCHALLENGE.TB_CONTATO (ID_CONTATO,EMAIL,DDD,DDI,TELEFONE1,TELEFONE2,TELEFONE3,CELULAR,OUTRO,OBSERVACAO) values ('1003','cliente3@example.com','31','55','3130001003',null,null,'31990001003',null,'Contato 3');
Insert into MVCHALLENGE.TB_CONTATO (ID_CONTATO,EMAIL,DDD,DDI,TELEFONE1,TELEFONE2,TELEFONE3,CELULAR,OUTRO,OBSERVACAO) values ('1004','cliente4@example.com','41','55','4130001004',null,null,'41990001004',null,'Contato 4');
Insert into MVCHALLENGE.TB_CONTATO (ID_CONTATO,EMAIL,DDD,DDI,TELEFONE1,TELEFONE2,TELEFONE3,CELULAR,OUTRO,OBSERVACAO) values ('1005','cliente5@example.com','51','55','5130001005',null,null,'51990001005',null,'Contato 5');
REM INSERTING into MVCHALLENGE.TB_CONTATOPATIO
SET DEFINE OFF;
REM INSERTING into MVCHALLENGE.TB_ENDERECIOPATIO
SET DEFINE OFF;
Insert into MVCHALLENGE.TB_ENDERECIOPATIO (TB_ENDERECO_ID_ENDERECO,TB_PATIO_ID_PATIO) values ('22','3');
REM INSERTING into MVCHALLENGE.TB_ENDERECO
SET DEFINE OFF;
Insert into MVCHALLENGE.TB_ENDERECO (ID_ENDERECO,CEP,NUMERO,LOGRADOURO,BAIRRO,CIDADE,ESTADO,PAIS,COMPLEMENTO,OBSERVACAO) values ('22','05501010','127','Rua Agostinho Cantu','Vila Leda','Guarulhos','SP','Brasil','casa','Rua Laura, 127, casa');
Insert into MVCHALLENGE.TB_ENDERECO (ID_ENDERECO,CEP,NUMERO,LOGRADOURO,BAIRRO,CIDADE,ESTADO,PAIS,COMPLEMENTO,OBSERVACAO) values ('2','07062031','127','Rua Laura','Vila Leda','Guarulhos','SP','Brasil','casa','Rua Edson, 127
casa');
Insert into MVCHALLENGE.TB_ENDERECO (ID_ENDERECO,CEP,NUMERO,LOGRADOURO,BAIRRO,CIDADE,ESTADO,PAIS,COMPLEMENTO,OBSERVACAO) values ('42','07062031','127','Rua Laura','Vila Leda','Guarulhos','SP','Brasil',' casa','Rua Laura, 127, casa');
Insert into MVCHALLENGE.TB_ENDERECO (ID_ENDERECO,CEP,NUMERO,LOGRADOURO,BAIRRO,CIDADE,ESTADO,PAIS,COMPLEMENTO,OBSERVACAO) values ('62','02020000','200','Rua Y','Centro','SP','SP','Brasil',null,null);
Insert into MVCHALLENGE.TB_ENDERECO (ID_ENDERECO,CEP,NUMERO,LOGRADOURO,BAIRRO,CIDADE,ESTADO,PAIS,COMPLEMENTO,OBSERVACAO) values ('1001','01001000','10','Pra√ßa da S√©','S√©','S√£o Paulo','SP','Brasil','Bloco A','Demo 1');
Insert into MVCHALLENGE.TB_ENDERECO (ID_ENDERECO,CEP,NUMERO,LOGRADOURO,BAIRRO,CIDADE,ESTADO,PAIS,COMPLEMENTO,OBSERVACAO) values ('1002','01311000','100','Av. Paulista','Bela Vista','S√£o Paulo','SP','Brasil','Ap 101','Demo 2');
Insert into MVCHALLENGE.TB_ENDERECO (ID_ENDERECO,CEP,NUMERO,LOGRADOURO,BAIRRO,CIDADE,ESTADO,PAIS,COMPLEMENTO,OBSERVACAO) values ('1003','20040002','200','Rua da Assembleia','Centro','Rio de Janeiro','RJ','Brasil',null,'Demo 3');
Insert into MVCHALLENGE.TB_ENDERECO (ID_ENDERECO,CEP,NUMERO,LOGRADOURO,BAIRRO,CIDADE,ESTADO,PAIS,COMPLEMENTO,OBSERVACAO) values ('1004','30140071','300','Av. √?lvares Cabral','Centro','Belo Horizonte','MG','Brasil','Sala 5','Demo 4');
Insert into MVCHALLENGE.TB_ENDERECO (ID_ENDERECO,CEP,NUMERO,LOGRADOURO,BAIRRO,CIDADE,ESTADO,PAIS,COMPLEMENTO,OBSERVACAO) values ('1005','80010010','400','Rua XV de Novembro','Centro','Curitiba','PR','Brasil',null,'Demo 5');
REM INSERTING into MVCHALLENGE.TB_PATIO
SET DEFINE OFF;
Insert into MVCHALLENGE.TB_PATIO (ID_PATIO,NOME_PATIO,DATA_ENTRADA,DATA_SAIDA,OBSERVACAO) values ('3','Patio Central',to_date('18/09/25','DD/MM/RR'),to_date('20/08/25','DD/MM/RR'),'sdsdfdsfsdf');
REM INSERTING into MVCHALLENGE.TB_PATIOBOX
SET DEFINE OFF;
Insert into MVCHALLENGE.TB_PATIOBOX (TB_PATIO_ID_PATIO,TB_BOX_ID_BOX) values ('3','21');
REM INSERTING into MVCHALLENGE.TB_PERFIL
SET DEFINE OFF;
Insert into MVCHALLENGE.TB_PERFIL (ID_PERFIL,NOME) values ('1','ADMIN');
Insert into MVCHALLENGE.TB_PERFIL (ID_PERFIL,NOME) values ('3','CONVIDADO');
Insert into MVCHALLENGE.TB_PERFIL (ID_PERFIL,NOME) values ('2','USUARIO');
REM INSERTING into MVCHALLENGE.TB_RASTREAMENTO
SET DEFINE OFF;
REM INSERTING into MVCHALLENGE.TB_SALDO_FATO
SET DEFINE OFF;
Insert into MVCHALLENGE.TB_SALDO_FATO (AGENCIA,CONTA,SALDO) values ('1','1','4363,55');
Insert into MVCHALLENGE.TB_SALDO_FATO (AGENCIA,CONTA,SALDO) values ('1','2','4794,76');
Insert into MVCHALLENGE.TB_SALDO_FATO (AGENCIA,CONTA,SALDO) values ('1','3','4718,25');
Insert into MVCHALLENGE.TB_SALDO_FATO (AGENCIA,CONTA,SALDO) values ('1','4','5387,45');
Insert into MVCHALLENGE.TB_SALDO_FATO (AGENCIA,CONTA,SALDO) values ('1','5','5027,34');
Insert into MVCHALLENGE.TB_SALDO_FATO (AGENCIA,CONTA,SALDO) values ('2','1','5652,84');
Insert into MVCHALLENGE.TB_SALDO_FATO (AGENCIA,CONTA,SALDO) values ('2','2','4583,02');
Insert into MVCHALLENGE.TB_SALDO_FATO (AGENCIA,CONTA,SALDO) values ('2','3','5555,77');
Insert into MVCHALLENGE.TB_SALDO_FATO (AGENCIA,CONTA,SALDO) values ('2','4','5936,67');
Insert into MVCHALLENGE.TB_SALDO_FATO (AGENCIA,CONTA,SALDO) values ('2','5','4508,74');
Insert into MVCHALLENGE.TB_SALDO_FATO (AGENCIA,CONTA,SALDO) values ('1','1','4363,55');
Insert into MVCHALLENGE.TB_SALDO_FATO (AGENCIA,CONTA,SALDO) values ('1','2','4794,76');
Insert into MVCHALLENGE.TB_SALDO_FATO (AGENCIA,CONTA,SALDO) values ('1','3','4718,25');
Insert into MVCHALLENGE.TB_SALDO_FATO (AGENCIA,CONTA,SALDO) values ('1','4','5387,45');
Insert into MVCHALLENGE.TB_SALDO_FATO (AGENCIA,CONTA,SALDO) values ('1','5','5027,34');
Insert into MVCHALLENGE.TB_SALDO_FATO (AGENCIA,CONTA,SALDO) values ('2','1','5652,84');
Insert into MVCHALLENGE.TB_SALDO_FATO (AGENCIA,CONTA,SALDO) values ('2','2','4583,02');
Insert into MVCHALLENGE.TB_SALDO_FATO (AGENCIA,CONTA,SALDO) values ('2','3','5555,77');
Insert into MVCHALLENGE.TB_SALDO_FATO (AGENCIA,CONTA,SALDO) values ('2','4','5936,67');
Insert into MVCHALLENGE.TB_SALDO_FATO (AGENCIA,CONTA,SALDO) values ('2','5','4508,74');
REM INSERTING into MVCHALLENGE.TB_USUARIO
SET DEFINE OFF;
Insert into MVCHALLENGE.TB_USUARIO (ID_USUARIO,NOME,EMAIL,SENHA) values ('22','Paulo','pauloandrecarminati@hotmail.com',null);
Insert into MVCHALLENGE.TB_USUARIO (ID_USUARIO,NOME,EMAIL,SENHA) values ('161','Paulo AndrÈ','pabcarminati@gmail.com',null);
Insert into MVCHALLENGE.TB_USUARIO (ID_USUARIO,NOME,EMAIL,SENHA) values ('162','Jo„o','joao@joao.com.br',null);
REM INSERTING into MVCHALLENGE.TB_USUARIO_PERFIL
SET DEFINE OFF;
Insert into MVCHALLENGE.TB_USUARIO_PERFIL (TB_USUARIO_ID_USUARIO,TB_PERFIL_ID_PERFIL) values ('22','1');
Insert into MVCHALLENGE.TB_USUARIO_PERFIL (TB_USUARIO_ID_USUARIO,TB_PERFIL_ID_PERFIL) values ('161','2');
Insert into MVCHALLENGE.TB_USUARIO_PERFIL (TB_USUARIO_ID_USUARIO,TB_PERFIL_ID_PERFIL) values ('162','3');
REM INSERTING into MVCHALLENGE.TB_VEICULO
SET DEFINE OFF;
Insert into MVCHALLENGE.TB_VEICULO (ID_VEICULO,PLACA,RENAVAM,CHASSI,FABRICANTE,MODELO,MOTOR,ANO,COMBUSTIVEL) values ('41','EGX1D92','00987654321','9BWZZZ377VT004251','Volkswagen','Rx 78 Gundan Mg 3.0','1.5 16v','2024','Gasolina');
Insert into MVCHALLENGE.TB_VEICULO (ID_VEICULO,PLACA,RENAVAM,CHASSI,FABRICANTE,MODELO,MOTOR,ANO,COMBUSTIVEL) values ('21','ABC1234','89565265652','2323232323','bosh','RX','1.6 Flex','2022','Flex');
REM INSERTING into MVCHALLENGE.TB_VEICULOBOX
SET DEFINE OFF;
REM INSERTING into MVCHALLENGE.TB_VEICULOPATIO
SET DEFINE OFF;
REM INSERTING into MVCHALLENGE.TB_VEICULORASTREAMENTO
SET DEFINE OFF;
REM INSERTING into MVCHALLENGE.TB_VEICULOZONA
SET DEFINE OFF;
REM INSERTING into MVCHALLENGE.TB_ZONA
SET DEFINE OFF;
Insert into MVCHALLENGE.TB_ZONA (ID_ZONA,NOME,DATA_ENTRADA,DATA_SAIDA,OBSERVACAO) values ('2','Zona A',to_date('19/08/25','DD/MM/RR'),to_date('20/08/25','DD/MM/RR'),'sadasdasd');
Insert into MVCHALLENGE.TB_ZONA (ID_ZONA,NOME,DATA_ENTRADA,DATA_SAIDA,OBSERVACAO) values ('21','ZoanaA',to_date('01/10/25','DD/MM/RR'),to_date('05/10/25','DD/MM/RR'),'sdfdsf');
REM INSERTING into MVCHALLENGE.TB_ZONABOX
SET DEFINE OFF;
Insert into MVCHALLENGE.TB_ZONABOX (TB_ZONA_ID_ZONA,TB_BOX_ID_BOX) values ('2','21');
REM INSERTING into MVCHALLENGE.TB_ZONAPATIO
SET DEFINE OFF;
--------------------------------------------------------
--  DDL for Index flyway_schema_history_pk
--------------------------------------------------------

  CREATE UNIQUE INDEX "MVCHALLENGE"."flyway_schema_history_pk" ON "MVCHALLENGE"."flyway_schema_history" ("installed_rank") 
  PCTFREE 10 INITRANS 2 MAXTRANS 255 COMPUTE STATISTICS 
  STORAGE(INITIAL 65536 NEXT 1048576 MINEXTENTS 1 MAXEXTENTS 2147483645
  PCTINCREASE 0 FREELISTS 1 FREELIST GROUPS 1
  BUFFER_POOL DEFAULT FLASH_CACHE DEFAULT CELL_FLASH_CACHE DEFAULT)
  TABLESPACE "USERS" ;
--------------------------------------------------------
--  DDL for Index flyway_schema_history_s_idx
--------------------------------------------------------

  CREATE INDEX "MVCHALLENGE"."flyway_schema_history_s_idx" ON "MVCHALLENGE"."flyway_schema_history" ("success") 
  PCTFREE 10 INITRANS 2 MAXTRANS 255 COMPUTE STATISTICS 
  STORAGE(INITIAL 65536 NEXT 1048576 MINEXTENTS 1 MAXEXTENTS 2147483645
  PCTINCREASE 0 FREELISTS 1 FREELIST GROUPS 1
  BUFFER_POOL DEFAULT FLASH_CACHE DEFAULT CELL_FLASH_CACHE DEFAULT)
  TABLESPACE "USERS" ;
--------------------------------------------------------
--  DDL for Trigger TRG_AUDIT_TB_CLIENTE
--------------------------------------------------------

  CREATE OR REPLACE EDITIONABLE TRIGGER "MVCHALLENGE"."TRG_AUDIT_TB_CLIENTE" 
AFTER INSERT OR UPDATE OR DELETE ON TB_CLIENTE
FOR EACH ROW
DECLARE
  v_user VARCHAR2(128) := SYS_CONTEXT('USERENV','SESSION_USER');
  v_old  CLOB;
  v_new  CLOB;
  v_op   VARCHAR2(10);
BEGIN
  IF INSERTING THEN
    v_op := 'INSERT';
    v_new := 'ID_CLIENTE='||:NEW.ID_CLIENTE||
             ', NOME='||:NEW.NOME||
             ', SOBRENOME='||:NEW.SOBRENOME||
             ', CPF='||:NEW.CPF||
             ', DATA_CADASTRO='||TO_CHAR(:NEW.DATA_CADASTRO,'YYYY-MM-DD');
  ELSIF UPDATING THEN
    v_op := 'UPDATE';
    v_old := 'ID_CLIENTE='||:OLD.ID_CLIENTE||
             ', NOME='||:OLD.NOME||
             ', SOBRENOME='||:OLD.SOBRENOME||
             ', CPF='||:OLD.CPF||
             ', DATA_CADASTRO='||TO_CHAR(:OLD.DATA_CADASTRO,'YYYY-MM-DD');
    v_new := 'ID_CLIENTE='||:NEW.ID_CLIENTE||
             ', NOME='||:NEW.NOME||
             ', SOBRENOME='||:NEW.SOBRENOME||
             ', CPF='||:NEW.CPF||
             ', DATA_CADASTRO='||TO_CHAR(:NEW.DATA_CADASTRO,'YYYY-MM-DD');
  ELSIF DELETING THEN
    v_op := 'DELETE';
    v_old := 'ID_CLIENTE='||:OLD.ID_CLIENTE||
             ', NOME='||:OLD.NOME||
             ', SOBRENOME='||:OLD.SOBRENOME||
             ', CPF='||:OLD.CPF||
             ', DATA_CADASTRO='||TO_CHAR(:OLD.DATA_CADASTRO,'YYYY-MM-DD');
  END IF;

  INSERT INTO TB_AUDITORIA (USUARIO, OPERACAO, TABELA, OLD_VALUES, NEW_VALUES)
  VALUES (v_user, v_op, 'TB_CLIENTE', v_old, v_new);
END;

/
ALTER TRIGGER "MVCHALLENGE"."TRG_AUDIT_TB_CLIENTE" ENABLE;
--------------------------------------------------------
--  DDL for Procedure PRC_LISTA_CLIENTE_VEICULO_JSON
--------------------------------------------------------
set define off;

  CREATE OR REPLACE EDITIONABLE PROCEDURE "MVCHALLENGE"."PRC_LISTA_CLIENTE_VEICULO_JSON" (p_limite IN NUMBER DEFAULT 50)
AS
  e_sem_registros EXCEPTION;
  v_count NUMBER := 0;
BEGIN
  FOR c IN (
    SELECT ID_CLIENTE
      FROM TB_CLIENTE
     ORDER BY ID_CLIENTE
     FETCH FIRST LEAST(p_limite, 1000) ROWS ONLY
  ) LOOP
    v_count := v_count + 1;
    DBMS_OUTPUT.PUT_LINE( FN_CLIENTE_VEICULOS_JSON(c.ID_CLIENTE) );
  END LOOP;

  IF v_count = 0 THEN RAISE e_sem_registros; END IF;

EXCEPTION
  WHEN e_sem_registros THEN
    DBMS_OUTPUT.PUT_LINE('Nenhum cliente encontrado.');
  WHEN OTHERS THEN
    DBMS_OUTPUT.PUT_LINE('Erro em PRC_LISTA_CLIENTE_VEICULO_JSON: '||SQLERRM);
END;

/
--------------------------------------------------------
--  DDL for Procedure PRC_SOMAR_SALDOS_AGENCIA_CONTA
--------------------------------------------------------
set define off;

  CREATE OR REPLACE EDITIONABLE PROCEDURE "MVCHALLENGE"."PRC_SOMAR_SALDOS_AGENCIA_CONTA" 
AS
  CURSOR cur IS
    SELECT AGENCIA, CONTA, SALDO
    FROM TB_SALDO_FATO
    ORDER BY AGENCIA, CONTA;

  v_ag_atual TB_SALDO_FATO.AGENCIA%TYPE := NULL;
  v_subtotal NUMBER(14,2) := 0;
  v_total    NUMBER(14,2) := 0;

  e_sem_dados EXCEPTION;
  e_overflow  EXCEPTION;
  PRAGMA EXCEPTION_INIT(e_overflow, -01426);

  v_seen BOOLEAN := FALSE;
BEGIN
  DBMS_OUTPUT.PUT_LINE('Agencia  Conta   Saldo');
  DBMS_OUTPUT.PUT_LINE('-------  -----   -------');

  FOR r IN cur LOOP
    v_seen := TRUE;

    IF v_ag_atual IS NULL THEN
      v_ag_atual := r.AGENCIA;
    ELSIF r.AGENCIA <> v_ag_atual THEN
      DBMS_OUTPUT.PUT_LINE('Sub Total          '||TO_CHAR(v_subtotal,'99999990D99'));
      v_total    := v_total + v_subtotal;
      v_subtotal := 0;
      v_ag_atual := r.AGENCIA;
    END IF;

    v_subtotal := v_subtotal + r.SALDO;

    DBMS_OUTPUT.PUT_LINE(
      LPAD(r.AGENCIA,7)||'  '||
      LPAD(r.CONTA,5)||'   '||
      LPAD(TO_CHAR(r.SALDO,'99999990D99'),9)
    );
  END LOOP;

  IF NOT v_seen THEN RAISE e_sem_dados; END IF;

  DBMS_OUTPUT.PUT_LINE('Sub Total          '||TO_CHAR(v_subtotal,'99999990D99'));
  v_total := v_total + v_subtotal;
  DBMS_OUTPUT.PUT_LINE('Total Geral        '||TO_CHAR(v_total,'99999990D99'));

EXCEPTION
  WHEN e_sem_dados THEN
    DBMS_OUTPUT.PUT_LINE('Sem dados em TB_SALDO_FATO.');
  WHEN e_overflow THEN
    DBMS_OUTPUT.PUT_LINE('Overflow num√©rico ao somar saldos.');
  WHEN ZERO_DIVIDE THEN
    DBMS_OUTPUT.PUT_LINE('Divis√£o por zero (n√£o esperado neste proc).');
  WHEN OTHERS THEN
    DBMS_OUTPUT.PUT_LINE('Erro em PRC_SOMAR_SALDOS_AGENCIA_CONTA: '||SQLERRM);
END;

/
--------------------------------------------------------
--  DDL for Function FN_CLIENTE_VEICULOS_JSON
--------------------------------------------------------

  CREATE OR REPLACE EDITIONABLE FUNCTION "MVCHALLENGE"."FN_CLIENTE_VEICULOS_JSON" (p_id_cliente IN NUMBER)
RETURN CLOB
AS
  e_cliente_nao_encontrado EXCEPTION;
  PRAGMA EXCEPTION_INIT(e_cliente_nao_encontrado, -20001);

  v_json   CLOB := '';
  v_nome   TB_CLIENTE.NOME%TYPE;
  v_sobre  TB_CLIENTE.SOBRENOME%TYPE;
  v_cpf    TB_CLIENTE.CPF%TYPE;
BEGIN
  SELECT NOME, SOBRENOME, CPF
    INTO v_nome, v_sobre, v_cpf
    FROM TB_CLIENTE
   WHERE ID_CLIENTE = p_id_cliente;

  v_json := '{' ||
            '"idCliente":'||p_id_cliente||','||
            '"nomeCompleto":"' || REPLACE(v_nome||' '||v_sobre,'"','\"') || '",'||
            '"cpf":"' || v_cpf || '",'||
            '"veiculos":[';

  DECLARE
    v_first BOOLEAN := TRUE;
  BEGIN
    FOR r IN (
      SELECT v.ID_VEICULO, v.PLACA, v.MODELO, v.FABRICANTE, v.ANO
        FROM TB_CLIENTEVEICULO cv
        JOIN TB_VEICULO v ON v.ID_VEICULO = cv.TB_VEICULO_ID_VEICULO
       WHERE cv.TB_CLIENTE_ID_CLIENTE = p_id_cliente
       ORDER BY v.ID_VEICULO
    ) LOOP
      IF NOT v_first THEN v_json := v_json || ','; END IF;
      v_first := FALSE;

      v_json := v_json ||
        '{'||
          '"idVeiculo":'||r.ID_VEICULO||','||
          '"placa":"' || r.PLACA || '",'||
          '"modelo":"' || REPLACE(r.MODELO,'"','\"') || '",'||
          '"fabricante":"' || REPLACE(r.FABRICANTE,'"','\"') || '",'||
          '"ano":'||r.ANO||
        '}';
    END LOOP;
  END;

  v_json := v_json || ']}';
  RETURN v_json;

EXCEPTION
  WHEN NO_DATA_FOUND THEN
    RAISE_APPLICATION_ERROR(-20001,'Cliente n√£o encontrado para ID='||p_id_cliente);
  WHEN VALUE_ERROR THEN
    RAISE_APPLICATION_ERROR(-20002,'Erro de tipo/concatena√ß√£o ao montar JSON');
  WHEN OTHERS THEN
    RAISE_APPLICATION_ERROR(-20003,'Falha inesperada em FN_CLIENTE_VEICULOS_JSON: '||SQLERRM);
END;

/
--------------------------------------------------------
--  DDL for Function FN_VALIDA_SENHA
--------------------------------------------------------

  CREATE OR REPLACE EDITIONABLE FUNCTION "MVCHALLENGE"."FN_VALIDA_SENHA" (p_senha IN VARCHAR2)
RETURN NUMBER
AS
  e_nula  EXCEPTION;
  e_curta EXCEPTION;
  e_fraca EXCEPTION;
BEGIN
  IF p_senha IS NULL            THEN RAISE e_nula;  END IF;
  IF LENGTH(p_senha) < 8        THEN RAISE e_curta; END IF;
  IF NOT REGEXP_LIKE(p_senha,'[A-Z]')
     OR NOT REGEXP_LIKE(p_senha,'[a-z]')
     OR NOT REGEXP_LIKE(p_senha,'[0-9]')
     OR NOT REGEXP_LIKE(p_senha,'[^A-Za-z0-9]') THEN
    RAISE e_fraca;
  END IF;

  RETURN 1;

EXCEPTION
  WHEN e_nula  THEN RAISE_APPLICATION_ERROR(-20100,'Senha nula');       RETURN 0;
  WHEN e_curta THEN RAISE_APPLICATION_ERROR(-20101,'Senha muito curta'); RETURN 0;
  WHEN e_fraca THEN RAISE_APPLICATION_ERROR(-20102,'Senha fraca');       RETURN 0;
  WHEN OTHERS  THEN RAISE_APPLICATION_ERROR(-20103,'Erro em FN_VALIDA_SENHA: '||SQLERRM); RETURN 0;
END;

/
--------------------------------------------------------
--  Constraints for Table TB_ZONAPATIO
--------------------------------------------------------

  ALTER TABLE "MVCHALLENGE"."TB_ZONAPATIO" MODIFY ("TB_PATIO_ID_PATIO" NOT NULL ENABLE);
  ALTER TABLE "MVCHALLENGE"."TB_ZONAPATIO" MODIFY ("TB_ZONA_ID_ZONA" NOT NULL ENABLE);
  ALTER TABLE "MVCHALLENGE"."TB_ZONAPATIO" ADD PRIMARY KEY ("TB_PATIO_ID_PATIO", "TB_ZONA_ID_ZONA")
  USING INDEX PCTFREE 10 INITRANS 2 MAXTRANS 255 COMPUTE STATISTICS 
  TABLESPACE "USERS"  ENABLE;
--------------------------------------------------------
--  Constraints for Table TB_VEICULOPATIO
--------------------------------------------------------

  ALTER TABLE "MVCHALLENGE"."TB_VEICULOPATIO" MODIFY ("TB_VEICULO_ID_VEICULO" NOT NULL ENABLE);
  ALTER TABLE "MVCHALLENGE"."TB_VEICULOPATIO" MODIFY ("TB_PATIO_ID_PATIO" NOT NULL ENABLE);
  ALTER TABLE "MVCHALLENGE"."TB_VEICULOPATIO" ADD PRIMARY KEY ("TB_VEICULO_ID_VEICULO", "TB_PATIO_ID_PATIO")
  USING INDEX PCTFREE 10 INITRANS 2 MAXTRANS 255 COMPUTE STATISTICS 
  TABLESPACE "USERS"  ENABLE;
--------------------------------------------------------
--  Constraints for Table TB_CONTATO
--------------------------------------------------------

  ALTER TABLE "MVCHALLENGE"."TB_CONTATO" MODIFY ("ID_CONTATO" NOT NULL ENABLE);
  ALTER TABLE "MVCHALLENGE"."TB_CONTATO" MODIFY ("EMAIL" NOT NULL ENABLE);
  ALTER TABLE "MVCHALLENGE"."TB_CONTATO" MODIFY ("DDD" NOT NULL ENABLE);
  ALTER TABLE "MVCHALLENGE"."TB_CONTATO" MODIFY ("DDI" NOT NULL ENABLE);
  ALTER TABLE "MVCHALLENGE"."TB_CONTATO" MODIFY ("TELEFONE1" NOT NULL ENABLE);
  ALTER TABLE "MVCHALLENGE"."TB_CONTATO" MODIFY ("CELULAR" NOT NULL ENABLE);
  ALTER TABLE "MVCHALLENGE"."TB_CONTATO" ADD PRIMARY KEY ("ID_CONTATO")
  USING INDEX PCTFREE 10 INITRANS 2 MAXTRANS 255 COMPUTE STATISTICS 
  STORAGE(INITIAL 65536 NEXT 1048576 MINEXTENTS 1 MAXEXTENTS 2147483645
  PCTINCREASE 0 FREELISTS 1 FREELIST GROUPS 1
  BUFFER_POOL DEFAULT FLASH_CACHE DEFAULT CELL_FLASH_CACHE DEFAULT)
  TABLESPACE "USERS"  ENABLE;
--------------------------------------------------------
--  Constraints for Table TB_ENDERECIOPATIO
--------------------------------------------------------

  ALTER TABLE "MVCHALLENGE"."TB_ENDERECIOPATIO" MODIFY ("TB_ENDERECO_ID_ENDERECO" NOT NULL ENABLE);
  ALTER TABLE "MVCHALLENGE"."TB_ENDERECIOPATIO" MODIFY ("TB_PATIO_ID_PATIO" NOT NULL ENABLE);
  ALTER TABLE "MVCHALLENGE"."TB_ENDERECIOPATIO" ADD PRIMARY KEY ("TB_ENDERECO_ID_ENDERECO", "TB_PATIO_ID_PATIO")
  USING INDEX PCTFREE 10 INITRANS 2 MAXTRANS 255 COMPUTE STATISTICS 
  STORAGE(INITIAL 65536 NEXT 1048576 MINEXTENTS 1 MAXEXTENTS 2147483645
  PCTINCREASE 0 FREELISTS 1 FREELIST GROUPS 1
  BUFFER_POOL DEFAULT FLASH_CACHE DEFAULT CELL_FLASH_CACHE DEFAULT)
  TABLESPACE "USERS"  ENABLE;
--------------------------------------------------------
--  Constraints for Table TB_RASTREAMENTO
--------------------------------------------------------

  ALTER TABLE "MVCHALLENGE"."TB_RASTREAMENTO" MODIFY ("ID_RASTREAMENTO" NOT NULL ENABLE);
  ALTER TABLE "MVCHALLENGE"."TB_RASTREAMENTO" MODIFY ("IPS_X" NOT NULL ENABLE);
  ALTER TABLE "MVCHALLENGE"."TB_RASTREAMENTO" MODIFY ("IPS_Y" NOT NULL ENABLE);
  ALTER TABLE "MVCHALLENGE"."TB_RASTREAMENTO" MODIFY ("IPS_Z" NOT NULL ENABLE);
  ALTER TABLE "MVCHALLENGE"."TB_RASTREAMENTO" MODIFY ("GPRS_LATITUDE" NOT NULL ENABLE);
  ALTER TABLE "MVCHALLENGE"."TB_RASTREAMENTO" MODIFY ("GPRS_LONGITUDE" NOT NULL ENABLE);
  ALTER TABLE "MVCHALLENGE"."TB_RASTREAMENTO" MODIFY ("GPRS_ALTITUDE" NOT NULL ENABLE);
  ALTER TABLE "MVCHALLENGE"."TB_RASTREAMENTO" MODIFY ("DATA_HORA_REGISTRO" NOT NULL ENABLE);
  ALTER TABLE "MVCHALLENGE"."TB_RASTREAMENTO" ADD PRIMARY KEY ("ID_RASTREAMENTO")
  USING INDEX PCTFREE 10 INITRANS 2 MAXTRANS 255 COMPUTE STATISTICS 
  TABLESPACE "USERS"  ENABLE;
--------------------------------------------------------
--  Constraints for Table TB_VEICULOBOX
--------------------------------------------------------

  ALTER TABLE "MVCHALLENGE"."TB_VEICULOBOX" MODIFY ("TB_VEICULO_ID_VEICULO" NOT NULL ENABLE);
  ALTER TABLE "MVCHALLENGE"."TB_VEICULOBOX" MODIFY ("TB_BOX_ID_BOX" NOT NULL ENABLE);
  ALTER TABLE "MVCHALLENGE"."TB_VEICULOBOX" ADD PRIMARY KEY ("TB_VEICULO_ID_VEICULO", "TB_BOX_ID_BOX")
  USING INDEX PCTFREE 10 INITRANS 2 MAXTRANS 255 COMPUTE STATISTICS 
  TABLESPACE "USERS"  ENABLE;
--------------------------------------------------------
--  Constraints for Table flyway_schema_history
--------------------------------------------------------

  ALTER TABLE "MVCHALLENGE"."flyway_schema_history" MODIFY ("installed_rank" NOT NULL ENABLE);
  ALTER TABLE "MVCHALLENGE"."flyway_schema_history" MODIFY ("description" NOT NULL ENABLE);
  ALTER TABLE "MVCHALLENGE"."flyway_schema_history" MODIFY ("type" NOT NULL ENABLE);
  ALTER TABLE "MVCHALLENGE"."flyway_schema_history" MODIFY ("script" NOT NULL ENABLE);
  ALTER TABLE "MVCHALLENGE"."flyway_schema_history" MODIFY ("installed_by" NOT NULL ENABLE);
  ALTER TABLE "MVCHALLENGE"."flyway_schema_history" MODIFY ("installed_on" NOT NULL ENABLE);
  ALTER TABLE "MVCHALLENGE"."flyway_schema_history" MODIFY ("execution_time" NOT NULL ENABLE);
  ALTER TABLE "MVCHALLENGE"."flyway_schema_history" MODIFY ("success" NOT NULL ENABLE);
  ALTER TABLE "MVCHALLENGE"."flyway_schema_history" ADD CONSTRAINT "flyway_schema_history_pk" PRIMARY KEY ("installed_rank")
  USING INDEX PCTFREE 10 INITRANS 2 MAXTRANS 255 COMPUTE STATISTICS 
  STORAGE(INITIAL 65536 NEXT 1048576 MINEXTENTS 1 MAXEXTENTS 2147483645
  PCTINCREASE 0 FREELISTS 1 FREELIST GROUPS 1
  BUFFER_POOL DEFAULT FLASH_CACHE DEFAULT CELL_FLASH_CACHE DEFAULT)
  TABLESPACE "USERS"  ENABLE;
--------------------------------------------------------
--  Constraints for Table TB_PATIOBOX
--------------------------------------------------------

  ALTER TABLE "MVCHALLENGE"."TB_PATIOBOX" MODIFY ("TB_PATIO_ID_PATIO" NOT NULL ENABLE);
  ALTER TABLE "MVCHALLENGE"."TB_PATIOBOX" MODIFY ("TB_BOX_ID_BOX" NOT NULL ENABLE);
  ALTER TABLE "MVCHALLENGE"."TB_PATIOBOX" ADD PRIMARY KEY ("TB_PATIO_ID_PATIO", "TB_BOX_ID_BOX")
  USING INDEX PCTFREE 10 INITRANS 2 MAXTRANS 255 COMPUTE STATISTICS 
  STORAGE(INITIAL 65536 NEXT 1048576 MINEXTENTS 1 MAXEXTENTS 2147483645
  PCTINCREASE 0 FREELISTS 1 FREELIST GROUPS 1
  BUFFER_POOL DEFAULT FLASH_CACHE DEFAULT CELL_FLASH_CACHE DEFAULT)
  TABLESPACE "USERS"  ENABLE;
--------------------------------------------------------
--  Constraints for Table TB_USUARIO
--------------------------------------------------------

  ALTER TABLE "MVCHALLENGE"."TB_USUARIO" MODIFY ("ID_USUARIO" NOT NULL ENABLE);
  ALTER TABLE "MVCHALLENGE"."TB_USUARIO" ADD PRIMARY KEY ("ID_USUARIO")
  USING INDEX PCTFREE 10 INITRANS 2 MAXTRANS 255 COMPUTE STATISTICS 
  STORAGE(INITIAL 65536 NEXT 1048576 MINEXTENTS 1 MAXEXTENTS 2147483645
  PCTINCREASE 0 FREELISTS 1 FREELIST GROUPS 1
  BUFFER_POOL DEFAULT FLASH_CACHE DEFAULT CELL_FLASH_CACHE DEFAULT)
  TABLESPACE "USERS"  ENABLE;
  ALTER TABLE "MVCHALLENGE"."TB_USUARIO" ADD UNIQUE ("EMAIL")
  USING INDEX PCTFREE 10 INITRANS 2 MAXTRANS 255 COMPUTE STATISTICS 
  STORAGE(INITIAL 65536 NEXT 1048576 MINEXTENTS 1 MAXEXTENTS 2147483645
  PCTINCREASE 0 FREELISTS 1 FREELIST GROUPS 1
  BUFFER_POOL DEFAULT FLASH_CACHE DEFAULT CELL_FLASH_CACHE DEFAULT)
  TABLESPACE "USERS"  ENABLE;
--------------------------------------------------------
--  Constraints for Table TB_ENDERECO
--------------------------------------------------------

  ALTER TABLE "MVCHALLENGE"."TB_ENDERECO" MODIFY ("ID_ENDERECO" NOT NULL ENABLE);
  ALTER TABLE "MVCHALLENGE"."TB_ENDERECO" MODIFY ("CEP" NOT NULL ENABLE);
  ALTER TABLE "MVCHALLENGE"."TB_ENDERECO" MODIFY ("NUMERO" NOT NULL ENABLE);
  ALTER TABLE "MVCHALLENGE"."TB_ENDERECO" MODIFY ("LOGRADOURO" NOT NULL ENABLE);
  ALTER TABLE "MVCHALLENGE"."TB_ENDERECO" MODIFY ("BAIRRO" NOT NULL ENABLE);
  ALTER TABLE "MVCHALLENGE"."TB_ENDERECO" MODIFY ("CIDADE" NOT NULL ENABLE);
  ALTER TABLE "MVCHALLENGE"."TB_ENDERECO" MODIFY ("ESTADO" NOT NULL ENABLE);
  ALTER TABLE "MVCHALLENGE"."TB_ENDERECO" MODIFY ("PAIS" NOT NULL ENABLE);
  ALTER TABLE "MVCHALLENGE"."TB_ENDERECO" ADD PRIMARY KEY ("ID_ENDERECO")
  USING INDEX PCTFREE 10 INITRANS 2 MAXTRANS 255 COMPUTE STATISTICS 
  STORAGE(INITIAL 65536 NEXT 1048576 MINEXTENTS 1 MAXEXTENTS 2147483645
  PCTINCREASE 0 FREELISTS 1 FREELIST GROUPS 1
  BUFFER_POOL DEFAULT FLASH_CACHE DEFAULT CELL_FLASH_CACHE DEFAULT)
  TABLESPACE "USERS"  ENABLE;
--------------------------------------------------------
--  Constraints for Table TB_CLIENTE
--------------------------------------------------------

  ALTER TABLE "MVCHALLENGE"."TB_CLIENTE" MODIFY ("ID_CLIENTE" NOT NULL ENABLE);
  ALTER TABLE "MVCHALLENGE"."TB_CLIENTE" MODIFY ("DATA_CADASTRO" NOT NULL ENABLE);
  ALTER TABLE "MVCHALLENGE"."TB_CLIENTE" MODIFY ("SEXO" NOT NULL ENABLE);
  ALTER TABLE "MVCHALLENGE"."TB_CLIENTE" MODIFY ("NOME" NOT NULL ENABLE);
  ALTER TABLE "MVCHALLENGE"."TB_CLIENTE" MODIFY ("SOBRENOME" NOT NULL ENABLE);
  ALTER TABLE "MVCHALLENGE"."TB_CLIENTE" MODIFY ("DATA_NASCIMENTO" NOT NULL ENABLE);
  ALTER TABLE "MVCHALLENGE"."TB_CLIENTE" MODIFY ("CPF" NOT NULL ENABLE);
  ALTER TABLE "MVCHALLENGE"."TB_CLIENTE" MODIFY ("PROFISSAO" NOT NULL ENABLE);
  ALTER TABLE "MVCHALLENGE"."TB_CLIENTE" MODIFY ("ESTADO_CIVIL" NOT NULL ENABLE);
  ALTER TABLE "MVCHALLENGE"."TB_CLIENTE" MODIFY ("TB_ENDERECO_ID_ENDERECO" NOT NULL ENABLE);
  ALTER TABLE "MVCHALLENGE"."TB_CLIENTE" MODIFY ("TB_CONTATO_ID_CONTATO" NOT NULL ENABLE);
  ALTER TABLE "MVCHALLENGE"."TB_CLIENTE" ADD PRIMARY KEY ("ID_CLIENTE")
  USING INDEX PCTFREE 10 INITRANS 2 MAXTRANS 255 COMPUTE STATISTICS 
  STORAGE(INITIAL 65536 NEXT 1048576 MINEXTENTS 1 MAXEXTENTS 2147483645
  PCTINCREASE 0 FREELISTS 1 FREELIST GROUPS 1
  BUFFER_POOL DEFAULT FLASH_CACHE DEFAULT CELL_FLASH_CACHE DEFAULT)
  TABLESPACE "USERS"  ENABLE;
  ALTER TABLE "MVCHALLENGE"."TB_CLIENTE" ADD UNIQUE ("CPF")
  USING INDEX PCTFREE 10 INITRANS 2 MAXTRANS 255 COMPUTE STATISTICS 
  STORAGE(INITIAL 65536 NEXT 1048576 MINEXTENTS 1 MAXEXTENTS 2147483645
  PCTINCREASE 0 FREELISTS 1 FREELIST GROUPS 1
  BUFFER_POOL DEFAULT FLASH_CACHE DEFAULT CELL_FLASH_CACHE DEFAULT)
  TABLESPACE "USERS"  ENABLE;
--------------------------------------------------------
--  Constraints for Table TB_VEICULOZONA
--------------------------------------------------------

  ALTER TABLE "MVCHALLENGE"."TB_VEICULOZONA" MODIFY ("TB_VEICULO_ID_VEICULO" NOT NULL ENABLE);
  ALTER TABLE "MVCHALLENGE"."TB_VEICULOZONA" MODIFY ("TB_ZONA_ID_ZONA" NOT NULL ENABLE);
  ALTER TABLE "MVCHALLENGE"."TB_VEICULOZONA" ADD PRIMARY KEY ("TB_VEICULO_ID_VEICULO", "TB_ZONA_ID_ZONA")
  USING INDEX PCTFREE 10 INITRANS 2 MAXTRANS 255 COMPUTE STATISTICS 
  TABLESPACE "USERS"  ENABLE;
--------------------------------------------------------
--  Constraints for Table TB_PATIO
--------------------------------------------------------

  ALTER TABLE "MVCHALLENGE"."TB_PATIO" MODIFY ("ID_PATIO" NOT NULL ENABLE);
  ALTER TABLE "MVCHALLENGE"."TB_PATIO" MODIFY ("NOME_PATIO" NOT NULL ENABLE);
  ALTER TABLE "MVCHALLENGE"."TB_PATIO" MODIFY ("DATA_ENTRADA" NOT NULL ENABLE);
  ALTER TABLE "MVCHALLENGE"."TB_PATIO" MODIFY ("DATA_SAIDA" NOT NULL ENABLE);
  ALTER TABLE "MVCHALLENGE"."TB_PATIO" ADD PRIMARY KEY ("ID_PATIO")
  USING INDEX PCTFREE 10 INITRANS 2 MAXTRANS 255 COMPUTE STATISTICS 
  STORAGE(INITIAL 65536 NEXT 1048576 MINEXTENTS 1 MAXEXTENTS 2147483645
  PCTINCREASE 0 FREELISTS 1 FREELIST GROUPS 1
  BUFFER_POOL DEFAULT FLASH_CACHE DEFAULT CELL_FLASH_CACHE DEFAULT)
  TABLESPACE "USERS"  ENABLE;
--------------------------------------------------------
--  Constraints for Table TB_SALDO_FATO
--------------------------------------------------------

  ALTER TABLE "MVCHALLENGE"."TB_SALDO_FATO" MODIFY ("AGENCIA" NOT NULL ENABLE);
  ALTER TABLE "MVCHALLENGE"."TB_SALDO_FATO" MODIFY ("CONTA" NOT NULL ENABLE);
  ALTER TABLE "MVCHALLENGE"."TB_SALDO_FATO" MODIFY ("SALDO" NOT NULL ENABLE);
--------------------------------------------------------
--  Constraints for Table TB_VEICULO
--------------------------------------------------------

  ALTER TABLE "MVCHALLENGE"."TB_VEICULO" MODIFY ("ID_VEICULO" NOT NULL ENABLE);
  ALTER TABLE "MVCHALLENGE"."TB_VEICULO" MODIFY ("PLACA" NOT NULL ENABLE);
  ALTER TABLE "MVCHALLENGE"."TB_VEICULO" MODIFY ("RENAVAM" NOT NULL ENABLE);
  ALTER TABLE "MVCHALLENGE"."TB_VEICULO" MODIFY ("CHASSI" NOT NULL ENABLE);
  ALTER TABLE "MVCHALLENGE"."TB_VEICULO" MODIFY ("FABRICANTE" NOT NULL ENABLE);
  ALTER TABLE "MVCHALLENGE"."TB_VEICULO" MODIFY ("MODELO" NOT NULL ENABLE);
  ALTER TABLE "MVCHALLENGE"."TB_VEICULO" MODIFY ("ANO" NOT NULL ENABLE);
  ALTER TABLE "MVCHALLENGE"."TB_VEICULO" MODIFY ("COMBUSTIVEL" NOT NULL ENABLE);
  ALTER TABLE "MVCHALLENGE"."TB_VEICULO" ADD PRIMARY KEY ("ID_VEICULO")
  USING INDEX PCTFREE 10 INITRANS 2 MAXTRANS 255 COMPUTE STATISTICS 
  STORAGE(INITIAL 65536 NEXT 1048576 MINEXTENTS 1 MAXEXTENTS 2147483645
  PCTINCREASE 0 FREELISTS 1 FREELIST GROUPS 1
  BUFFER_POOL DEFAULT FLASH_CACHE DEFAULT CELL_FLASH_CACHE DEFAULT)
  TABLESPACE "USERS"  ENABLE;
  ALTER TABLE "MVCHALLENGE"."TB_VEICULO" ADD UNIQUE ("PLACA")
  USING INDEX PCTFREE 10 INITRANS 2 MAXTRANS 255 COMPUTE STATISTICS 
  STORAGE(INITIAL 65536 NEXT 1048576 MINEXTENTS 1 MAXEXTENTS 2147483645
  PCTINCREASE 0 FREELISTS 1 FREELIST GROUPS 1
  BUFFER_POOL DEFAULT FLASH_CACHE DEFAULT CELL_FLASH_CACHE DEFAULT)
  TABLESPACE "USERS"  ENABLE;
  ALTER TABLE "MVCHALLENGE"."TB_VEICULO" ADD UNIQUE ("RENAVAM")
  USING INDEX PCTFREE 10 INITRANS 2 MAXTRANS 255 COMPUTE STATISTICS 
  STORAGE(INITIAL 65536 NEXT 1048576 MINEXTENTS 1 MAXEXTENTS 2147483645
  PCTINCREASE 0 FREELISTS 1 FREELIST GROUPS 1
  BUFFER_POOL DEFAULT FLASH_CACHE DEFAULT CELL_FLASH_CACHE DEFAULT)
  TABLESPACE "USERS"  ENABLE;
  ALTER TABLE "MVCHALLENGE"."TB_VEICULO" ADD UNIQUE ("CHASSI")
  USING INDEX PCTFREE 10 INITRANS 2 MAXTRANS 255 COMPUTE STATISTICS 
  STORAGE(INITIAL 65536 NEXT 1048576 MINEXTENTS 1 MAXEXTENTS 2147483645
  PCTINCREASE 0 FREELISTS 1 FREELIST GROUPS 1
  BUFFER_POOL DEFAULT FLASH_CACHE DEFAULT CELL_FLASH_CACHE DEFAULT)
  TABLESPACE "USERS"  ENABLE;
--------------------------------------------------------
--  Constraints for Table TB_ZONA
--------------------------------------------------------

  ALTER TABLE "MVCHALLENGE"."TB_ZONA" MODIFY ("ID_ZONA" NOT NULL ENABLE);
  ALTER TABLE "MVCHALLENGE"."TB_ZONA" MODIFY ("NOME" NOT NULL ENABLE);
  ALTER TABLE "MVCHALLENGE"."TB_ZONA" MODIFY ("DATA_ENTRADA" NOT NULL ENABLE);
  ALTER TABLE "MVCHALLENGE"."TB_ZONA" MODIFY ("DATA_SAIDA" NOT NULL ENABLE);
  ALTER TABLE "MVCHALLENGE"."TB_ZONA" ADD PRIMARY KEY ("ID_ZONA")
  USING INDEX PCTFREE 10 INITRANS 2 MAXTRANS 255 COMPUTE STATISTICS 
  STORAGE(INITIAL 65536 NEXT 1048576 MINEXTENTS 1 MAXEXTENTS 2147483645
  PCTINCREASE 0 FREELISTS 1 FREELIST GROUPS 1
  BUFFER_POOL DEFAULT FLASH_CACHE DEFAULT CELL_FLASH_CACHE DEFAULT)
  TABLESPACE "USERS"  ENABLE;
--------------------------------------------------------
--  Constraints for Table TB_BOX
--------------------------------------------------------

  ALTER TABLE "MVCHALLENGE"."TB_BOX" MODIFY ("ID_BOX" NOT NULL ENABLE);
  ALTER TABLE "MVCHALLENGE"."TB_BOX" MODIFY ("NOME" NOT NULL ENABLE);
  ALTER TABLE "MVCHALLENGE"."TB_BOX" MODIFY ("STATUS" NOT NULL ENABLE);
  ALTER TABLE "MVCHALLENGE"."TB_BOX" MODIFY ("DATA_ENTRADA" NOT NULL ENABLE);
  ALTER TABLE "MVCHALLENGE"."TB_BOX" MODIFY ("DATA_SAIDA" NOT NULL ENABLE);
  ALTER TABLE "MVCHALLENGE"."TB_BOX" ADD PRIMARY KEY ("ID_BOX")
  USING INDEX PCTFREE 10 INITRANS 2 MAXTRANS 255 COMPUTE STATISTICS 
  STORAGE(INITIAL 65536 NEXT 1048576 MINEXTENTS 1 MAXEXTENTS 2147483645
  PCTINCREASE 0 FREELISTS 1 FREELIST GROUPS 1
  BUFFER_POOL DEFAULT FLASH_CACHE DEFAULT CELL_FLASH_CACHE DEFAULT)
  TABLESPACE "USERS"  ENABLE;
--------------------------------------------------------
--  Constraints for Table TB_PERFIL
--------------------------------------------------------

  ALTER TABLE "MVCHALLENGE"."TB_PERFIL" MODIFY ("ID_PERFIL" NOT NULL ENABLE);
  ALTER TABLE "MVCHALLENGE"."TB_PERFIL" MODIFY ("NOME" NOT NULL ENABLE);
  ALTER TABLE "MVCHALLENGE"."TB_PERFIL" ADD PRIMARY KEY ("ID_PERFIL")
  USING INDEX PCTFREE 10 INITRANS 2 MAXTRANS 255 COMPUTE STATISTICS 
  STORAGE(INITIAL 65536 NEXT 1048576 MINEXTENTS 1 MAXEXTENTS 2147483645
  PCTINCREASE 0 FREELISTS 1 FREELIST GROUPS 1
  BUFFER_POOL DEFAULT FLASH_CACHE DEFAULT CELL_FLASH_CACHE DEFAULT)
  TABLESPACE "USERS"  ENABLE;
  ALTER TABLE "MVCHALLENGE"."TB_PERFIL" ADD UNIQUE ("NOME")
  USING INDEX PCTFREE 10 INITRANS 2 MAXTRANS 255 COMPUTE STATISTICS 
  STORAGE(INITIAL 65536 NEXT 1048576 MINEXTENTS 1 MAXEXTENTS 2147483645
  PCTINCREASE 0 FREELISTS 1 FREELIST GROUPS 1
  BUFFER_POOL DEFAULT FLASH_CACHE DEFAULT CELL_FLASH_CACHE DEFAULT)
  TABLESPACE "USERS"  ENABLE;
--------------------------------------------------------
--  Constraints for Table TB_AUDITORIA
--------------------------------------------------------

  ALTER TABLE "MVCHALLENGE"."TB_AUDITORIA" MODIFY ("ID_AUDIT" NOT NULL ENABLE);
  ALTER TABLE "MVCHALLENGE"."TB_AUDITORIA" ADD PRIMARY KEY ("ID_AUDIT")
  USING INDEX PCTFREE 10 INITRANS 2 MAXTRANS 255 COMPUTE STATISTICS 
  STORAGE(INITIAL 65536 NEXT 1048576 MINEXTENTS 1 MAXEXTENTS 2147483645
  PCTINCREASE 0 FREELISTS 1 FREELIST GROUPS 1
  BUFFER_POOL DEFAULT FLASH_CACHE DEFAULT CELL_FLASH_CACHE DEFAULT)
  TABLESPACE "USERS"  ENABLE;
--------------------------------------------------------
--  Constraints for Table TB_CLIENTEVEICULO
--------------------------------------------------------

  ALTER TABLE "MVCHALLENGE"."TB_CLIENTEVEICULO" MODIFY ("TB_CLIENTE_ID_CLIENTE" NOT NULL ENABLE);
  ALTER TABLE "MVCHALLENGE"."TB_CLIENTEVEICULO" MODIFY ("TB_VEICULO_ID_VEICULO" NOT NULL ENABLE);
  ALTER TABLE "MVCHALLENGE"."TB_CLIENTEVEICULO" ADD PRIMARY KEY ("TB_CLIENTE_ID_CLIENTE", "TB_VEICULO_ID_VEICULO")
  USING INDEX PCTFREE 10 INITRANS 2 MAXTRANS 255 COMPUTE STATISTICS 
  TABLESPACE "USERS"  ENABLE;
--------------------------------------------------------
--  Constraints for Table TB_ZONABOX
--------------------------------------------------------

  ALTER TABLE "MVCHALLENGE"."TB_ZONABOX" MODIFY ("TB_ZONA_ID_ZONA" NOT NULL ENABLE);
  ALTER TABLE "MVCHALLENGE"."TB_ZONABOX" MODIFY ("TB_BOX_ID_BOX" NOT NULL ENABLE);
  ALTER TABLE "MVCHALLENGE"."TB_ZONABOX" ADD PRIMARY KEY ("TB_ZONA_ID_ZONA", "TB_BOX_ID_BOX")
  USING INDEX PCTFREE 10 INITRANS 2 MAXTRANS 255 COMPUTE STATISTICS 
  STORAGE(INITIAL 65536 NEXT 1048576 MINEXTENTS 1 MAXEXTENTS 2147483645
  PCTINCREASE 0 FREELISTS 1 FREELIST GROUPS 1
  BUFFER_POOL DEFAULT FLASH_CACHE DEFAULT CELL_FLASH_CACHE DEFAULT)
  TABLESPACE "USERS"  ENABLE;
--------------------------------------------------------
--  Constraints for Table TB_VEICULORASTREAMENTO
--------------------------------------------------------

  ALTER TABLE "MVCHALLENGE"."TB_VEICULORASTREAMENTO" MODIFY ("TB_VEICULO_ID_VEICULO" NOT NULL ENABLE);
  ALTER TABLE "MVCHALLENGE"."TB_VEICULORASTREAMENTO" MODIFY ("TB_RASTREAMENTO_ID_RASTREAMENTO" NOT NULL ENABLE);
  ALTER TABLE "MVCHALLENGE"."TB_VEICULORASTREAMENTO" ADD PRIMARY KEY ("TB_VEICULO_ID_VEICULO", "TB_RASTREAMENTO_ID_RASTREAMENTO")
  USING INDEX PCTFREE 10 INITRANS 2 MAXTRANS 255 COMPUTE STATISTICS 
  TABLESPACE "USERS"  ENABLE;
--------------------------------------------------------
--  Constraints for Table TB_CONTATOPATIO
--------------------------------------------------------

  ALTER TABLE "MVCHALLENGE"."TB_CONTATOPATIO" MODIFY ("TB_PATIO_ID_PATIO" NOT NULL ENABLE);
  ALTER TABLE "MVCHALLENGE"."TB_CONTATOPATIO" MODIFY ("TB_CONTATO_ID_CONTATO" NOT NULL ENABLE);
  ALTER TABLE "MVCHALLENGE"."TB_CONTATOPATIO" ADD PRIMARY KEY ("TB_PATIO_ID_PATIO", "TB_CONTATO_ID_CONTATO")
  USING INDEX PCTFREE 10 INITRANS 2 MAXTRANS 255 COMPUTE STATISTICS 
  TABLESPACE "USERS"  ENABLE;
--------------------------------------------------------
--  Constraints for Table TB_USUARIO_PERFIL
--------------------------------------------------------

  ALTER TABLE "MVCHALLENGE"."TB_USUARIO_PERFIL" MODIFY ("TB_USUARIO_ID_USUARIO" NOT NULL ENABLE);
  ALTER TABLE "MVCHALLENGE"."TB_USUARIO_PERFIL" MODIFY ("TB_PERFIL_ID_PERFIL" NOT NULL ENABLE);
  ALTER TABLE "MVCHALLENGE"."TB_USUARIO_PERFIL" ADD PRIMARY KEY ("TB_USUARIO_ID_USUARIO", "TB_PERFIL_ID_PERFIL")
  USING INDEX PCTFREE 10 INITRANS 2 MAXTRANS 255 COMPUTE STATISTICS 
  STORAGE(INITIAL 65536 NEXT 1048576 MINEXTENTS 1 MAXEXTENTS 2147483645
  PCTINCREASE 0 FREELISTS 1 FREELIST GROUPS 1
  BUFFER_POOL DEFAULT FLASH_CACHE DEFAULT CELL_FLASH_CACHE DEFAULT)
  TABLESPACE "USERS"  ENABLE;
--------------------------------------------------------
--  Ref Constraints for Table TB_CLIENTE
--------------------------------------------------------

  ALTER TABLE "MVCHALLENGE"."TB_CLIENTE" ADD FOREIGN KEY ("TB_ENDERECO_ID_ENDERECO")
	  REFERENCES "MVCHALLENGE"."TB_ENDERECO" ("ID_ENDERECO") ENABLE;
  ALTER TABLE "MVCHALLENGE"."TB_CLIENTE" ADD FOREIGN KEY ("TB_CONTATO_ID_CONTATO")
	  REFERENCES "MVCHALLENGE"."TB_CONTATO" ("ID_CONTATO") ENABLE;
--------------------------------------------------------
--  Ref Constraints for Table TB_CLIENTEVEICULO
--------------------------------------------------------

  ALTER TABLE "MVCHALLENGE"."TB_CLIENTEVEICULO" ADD FOREIGN KEY ("TB_CLIENTE_ID_CLIENTE")
	  REFERENCES "MVCHALLENGE"."TB_CLIENTE" ("ID_CLIENTE") ENABLE;
  ALTER TABLE "MVCHALLENGE"."TB_CLIENTEVEICULO" ADD FOREIGN KEY ("TB_VEICULO_ID_VEICULO")
	  REFERENCES "MVCHALLENGE"."TB_VEICULO" ("ID_VEICULO") ENABLE;
--------------------------------------------------------
--  Ref Constraints for Table TB_CONTATOPATIO
--------------------------------------------------------

  ALTER TABLE "MVCHALLENGE"."TB_CONTATOPATIO" ADD FOREIGN KEY ("TB_PATIO_ID_PATIO")
	  REFERENCES "MVCHALLENGE"."TB_PATIO" ("ID_PATIO") ENABLE;
  ALTER TABLE "MVCHALLENGE"."TB_CONTATOPATIO" ADD FOREIGN KEY ("TB_CONTATO_ID_CONTATO")
	  REFERENCES "MVCHALLENGE"."TB_CONTATO" ("ID_CONTATO") ENABLE;
--------------------------------------------------------
--  Ref Constraints for Table TB_ENDERECIOPATIO
--------------------------------------------------------

  ALTER TABLE "MVCHALLENGE"."TB_ENDERECIOPATIO" ADD FOREIGN KEY ("TB_ENDERECO_ID_ENDERECO")
	  REFERENCES "MVCHALLENGE"."TB_ENDERECO" ("ID_ENDERECO") ENABLE;
  ALTER TABLE "MVCHALLENGE"."TB_ENDERECIOPATIO" ADD FOREIGN KEY ("TB_PATIO_ID_PATIO")
	  REFERENCES "MVCHALLENGE"."TB_PATIO" ("ID_PATIO") ENABLE;
--------------------------------------------------------
--  Ref Constraints for Table TB_PATIOBOX
--------------------------------------------------------

  ALTER TABLE "MVCHALLENGE"."TB_PATIOBOX" ADD FOREIGN KEY ("TB_PATIO_ID_PATIO")
	  REFERENCES "MVCHALLENGE"."TB_PATIO" ("ID_PATIO") ENABLE;
  ALTER TABLE "MVCHALLENGE"."TB_PATIOBOX" ADD FOREIGN KEY ("TB_BOX_ID_BOX")
	  REFERENCES "MVCHALLENGE"."TB_BOX" ("ID_BOX") ENABLE;
--------------------------------------------------------
--  Ref Constraints for Table TB_USUARIO_PERFIL
--------------------------------------------------------

  ALTER TABLE "MVCHALLENGE"."TB_USUARIO_PERFIL" ADD FOREIGN KEY ("TB_USUARIO_ID_USUARIO")
	  REFERENCES "MVCHALLENGE"."TB_USUARIO" ("ID_USUARIO") ENABLE;
  ALTER TABLE "MVCHALLENGE"."TB_USUARIO_PERFIL" ADD FOREIGN KEY ("TB_PERFIL_ID_PERFIL")
	  REFERENCES "MVCHALLENGE"."TB_PERFIL" ("ID_PERFIL") ENABLE;
--------------------------------------------------------
--  Ref Constraints for Table TB_VEICULOBOX
--------------------------------------------------------

  ALTER TABLE "MVCHALLENGE"."TB_VEICULOBOX" ADD FOREIGN KEY ("TB_VEICULO_ID_VEICULO")
	  REFERENCES "MVCHALLENGE"."TB_VEICULO" ("ID_VEICULO") ENABLE;
  ALTER TABLE "MVCHALLENGE"."TB_VEICULOBOX" ADD FOREIGN KEY ("TB_BOX_ID_BOX")
	  REFERENCES "MVCHALLENGE"."TB_BOX" ("ID_BOX") ENABLE;
--------------------------------------------------------
--  Ref Constraints for Table TB_VEICULOPATIO
--------------------------------------------------------

  ALTER TABLE "MVCHALLENGE"."TB_VEICULOPATIO" ADD FOREIGN KEY ("TB_VEICULO_ID_VEICULO")
	  REFERENCES "MVCHALLENGE"."TB_VEICULO" ("ID_VEICULO") ENABLE;
  ALTER TABLE "MVCHALLENGE"."TB_VEICULOPATIO" ADD FOREIGN KEY ("TB_PATIO_ID_PATIO")
	  REFERENCES "MVCHALLENGE"."TB_PATIO" ("ID_PATIO") ENABLE;
--------------------------------------------------------
--  Ref Constraints for Table TB_VEICULORASTREAMENTO
--------------------------------------------------------

  ALTER TABLE "MVCHALLENGE"."TB_VEICULORASTREAMENTO" ADD FOREIGN KEY ("TB_VEICULO_ID_VEICULO")
	  REFERENCES "MVCHALLENGE"."TB_VEICULO" ("ID_VEICULO") ENABLE;
  ALTER TABLE "MVCHALLENGE"."TB_VEICULORASTREAMENTO" ADD FOREIGN KEY ("TB_RASTREAMENTO_ID_RASTREAMENTO")
	  REFERENCES "MVCHALLENGE"."TB_RASTREAMENTO" ("ID_RASTREAMENTO") ENABLE;
--------------------------------------------------------
--  Ref Constraints for Table TB_VEICULOZONA
--------------------------------------------------------

  ALTER TABLE "MVCHALLENGE"."TB_VEICULOZONA" ADD FOREIGN KEY ("TB_VEICULO_ID_VEICULO")
	  REFERENCES "MVCHALLENGE"."TB_VEICULO" ("ID_VEICULO") ENABLE;
  ALTER TABLE "MVCHALLENGE"."TB_VEICULOZONA" ADD FOREIGN KEY ("TB_ZONA_ID_ZONA")
	  REFERENCES "MVCHALLENGE"."TB_ZONA" ("ID_ZONA") ENABLE;
--------------------------------------------------------
--  Ref Constraints for Table TB_ZONABOX
--------------------------------------------------------

  ALTER TABLE "MVCHALLENGE"."TB_ZONABOX" ADD FOREIGN KEY ("TB_ZONA_ID_ZONA")
	  REFERENCES "MVCHALLENGE"."TB_ZONA" ("ID_ZONA") ENABLE;
  ALTER TABLE "MVCHALLENGE"."TB_ZONABOX" ADD FOREIGN KEY ("TB_BOX_ID_BOX")
	  REFERENCES "MVCHALLENGE"."TB_BOX" ("ID_BOX") ENABLE;
--------------------------------------------------------
--  Ref Constraints for Table TB_ZONAPATIO
--------------------------------------------------------

  ALTER TABLE "MVCHALLENGE"."TB_ZONAPATIO" ADD FOREIGN KEY ("TB_PATIO_ID_PATIO")
	  REFERENCES "MVCHALLENGE"."TB_PATIO" ("ID_PATIO") ENABLE;
  ALTER TABLE "MVCHALLENGE"."TB_ZONAPATIO" ADD FOREIGN KEY ("TB_ZONA_ID_ZONA")
	  REFERENCES "MVCHALLENGE"."TB_ZONA" ("ID_ZONA") ENABLE;
